IndicatorCode,Location,Period,Dim1ValueCode,Value
WHOSIS_000001,Lesotho,2015,MLE,45.07
WHOSIS_000001,Lesotho,2015,BTSX,47.67
WHOSIS_000001,Central African Republic,2015,MLE,48.19
WHOSIS_000001,Eswatini,2015,MLE,50.25
WHOSIS_000001,Central African Republic,2015,BTSX,50.53
WHOSIS_000001,Lesotho,2015,FMLE,50.58
WHOSIS_000001,Somalia,2015,MLE,52.17
WHOSIS_000001,Mozambique,2015,MLE,52.42
WHOSIS_000001,Central African Republic,2015,FMLE,53.03
WHOSIS_000001,Eswatini,2015,BTSX,54.05
WHOSIS_000001,Somalia,2015,BTSX,54.57
WHOSIS_000001,Kiribati,2015,MLE,55.13
WHOSIS_000001,Guinea-Bissau,2015,MLE,55.53
WHOSIS_000001,Zimbabwe,2015,MLE,55.73
WHOSIS_000001,Sierra Leone,2015,MLE,55.9
WHOSIS_000001,Mozambique,2015,BTSX,55.95
WHOSIS_000001,Chad,2015,MLE,56.22
WHOSIS_000001,Sierra Leone,2015,BTSX,56.94
WHOSIS_000001,Guinea,2015,MLE,57.28
WHOSIS_000001,Cameroon,2015,MLE,57.29
WHOSIS_000001,Somalia,2015,FMLE,57.31
WHOSIS_000001,Botswana,2015,MLE,57.83
WHOSIS_000001,Chad,2015,BTSX,57.91
WHOSIS_000001,Sierra Leone,2015,FMLE,57.93
WHOSIS_000001,Zambia,2015,MLE,57.93
WHOSIS_000001,Côte d’Ivoire,2015,MLE,57.98
WHOSIS_000001,Kiribati,2015,BTSX,58.2
WHOSIS_000001,Guinea-Bissau,2015,BTSX,58.23
WHOSIS_000001,Burkina Faso,2015,MLE,58.24
WHOSIS_000001,Democratic Republic of the Congo,2015,MLE,58.25
WHOSIS_000001,Zimbabwe,2015,BTSX,58.48
WHOSIS_000001,Eswatini,2015,FMLE,58.71
WHOSIS_000001,Guinea,2015,BTSX,58.81
WHOSIS_000001,Cameroon,2015,BTSX,59.11
WHOSIS_000001,Angola,2015,MLE,59.13
WHOSIS_000001,Togo,2015,MLE,59.24
WHOSIS_000001,Namibia,2015,MLE,59.36
WHOSIS_000001,Eritrea,2015,MLE,59.4
WHOSIS_000001,Mozambique,2015,FMLE,59.45
WHOSIS_000001,Nigeria,2015,MLE,59.59
WHOSIS_000001,Chad,2015,FMLE,59.63
WHOSIS_000001,Benin,2015,MLE,59.66
WHOSIS_000001,Malawi,2015,MLE,59.67
WHOSIS_000001,South Sudan,2015,MLE,59.8
WHOSIS_000001,South Africa,2015,MLE,59.82
WHOSIS_000001,Burundi,2015,MLE,59.84
WHOSIS_000001,Guinea,2015,FMLE,60.07
WHOSIS_000001,Micronesia (Federated States of),2015,MLE,60.14
WHOSIS_000001,Côte d’Ivoire,2015,BTSX,60.2
WHOSIS_000001,Equatorial Guinea,2015,MLE,60.28
WHOSIS_000001,Niger,2015,MLE,60.28
WHOSIS_000001,Mali,2015,MLE,60.36
WHOSIS_000001,Democratic Republic of the Congo,2015,BTSX,60.44
WHOSIS_000001,Zambia,2015,BTSX,60.5
WHOSIS_000001,Liberia,2015,MLE,60.65
WHOSIS_000001,Guinea-Bissau,2015,FMLE,60.81
WHOSIS_000001,Uganda,2015,MLE,60.81
WHOSIS_000001,Syrian Arab Republic,2015,MLE,60.88
WHOSIS_000001,Mali,2015,BTSX,60.89
WHOSIS_000001,Burkina Faso,2015,BTSX,60.92
WHOSIS_000001,Botswana,2015,BTSX,60.93
WHOSIS_000001,Zimbabwe,2015,FMLE,60.96
WHOSIS_000001,Cameroon,2015,FMLE,60.99
WHOSIS_000001,Afghanistan,2015,MLE,61.04
WHOSIS_000001,Equatorial Guinea,2015,BTSX,61.13
WHOSIS_000001,Nigeria,2015,BTSX,61.16
WHOSIS_000001,Liberia,2015,BTSX,61.17
WHOSIS_000001,Kiribati,2015,FMLE,61.37
WHOSIS_000001,Mali,2015,FMLE,61.41
WHOSIS_000001,Niger,2015,BTSX,61.54
WHOSIS_000001,Afghanistan,2015,BTSX,61.65
WHOSIS_000001,Liberia,2015,FMLE,61.68
WHOSIS_000001,Kenya,2015,MLE,61.71
WHOSIS_000001,Angola,2015,BTSX,61.72
WHOSIS_000001,Equatorial Guinea,2015,FMLE,61.83
WHOSIS_000001,Togo,2015,BTSX,61.92
WHOSIS_000001,Benin,2015,BTSX,61.96
WHOSIS_000001,Ghana,2015,MLE,61.97
WHOSIS_000001,South Sudan,2015,BTSX,61.99
WHOSIS_000001,Vanuatu,2015,MLE,62.02
WHOSIS_000001,Burundi,2015,BTSX,62.05
WHOSIS_000001,Haiti,2015,MLE,62.09
WHOSIS_000001,Gabon,2015,MLE,62.11
WHOSIS_000001,Gambia,2015,MLE,62.18
WHOSIS_000001,Eritrea,2015,BTSX,62.29
WHOSIS_000001,Guyana,2015,MLE,62.31
WHOSIS_000001,Solomon Islands,2015,MLE,62.34
WHOSIS_000001,Afghanistan,2015,FMLE,62.35
WHOSIS_000001,Congo,2015,MLE,62.56
WHOSIS_000001,Papua New Guinea,2015,MLE,62.57
WHOSIS_000001,South Africa,2015,BTSX,62.57
WHOSIS_000001,Haiti,2015,BTSX,62.61
WHOSIS_000001,Democratic Republic of the Congo,2015,FMLE,62.73
WHOSIS_000001,Micronesia (Federated States of),2015,BTSX,62.74
WHOSIS_000001,Nigeria,2015,FMLE,62.8
WHOSIS_000001,Djibouti,2015,MLE,62.84
WHOSIS_000001,Niger,2015,FMLE,62.86
WHOSIS_000001,Madagascar,2015,MLE,62.87
WHOSIS_000001,Namibia,2015,BTSX,62.87
WHOSIS_000001,Côte d’Ivoire,2015,FMLE,62.96
WHOSIS_000001,Zambia,2015,FMLE,63.02
WHOSIS_000001,Malawi,2015,BTSX,63.04
WHOSIS_000001,Congo,2015,BTSX,63.11
WHOSIS_000001,Pakistan,2015,MLE,63.12
WHOSIS_000001,Haiti,2015,FMLE,63.13
WHOSIS_000001,United Republic of Tanzania,2015,MLE,63.38
WHOSIS_000001,Burkina Faso,2015,FMLE,63.45
WHOSIS_000001,Mongolia,2015,MLE,63.45
WHOSIS_000001,Congo,2015,FMLE,63.59
WHOSIS_000001,Botswana,2015,FMLE,63.93
WHOSIS_000001,Gambia,2015,BTSX,64.14
WHOSIS_000001,Kenya,2015,BTSX,64.17
WHOSIS_000001,Pakistan,2015,BTSX,64.18
WHOSIS_000001,Madagascar,2015,BTSX,64.19
WHOSIS_000001,Benin,2015,FMLE,64.25
WHOSIS_000001,Burundi,2015,FMLE,64.26
WHOSIS_000001,South Sudan,2015,FMLE,64.3
WHOSIS_000001,Myanmar,2015,MLE,64.32
WHOSIS_000001,Syrian Arab Republic,2015,BTSX,64.4
WHOSIS_000001,Uganda,2015,BTSX,64.47
WHOSIS_000001,Papua New Guinea,2015,BTSX,64.49
WHOSIS_000001,Angola,2015,FMLE,64.5
WHOSIS_000001,Ghana,2015,BTSX,64.55
WHOSIS_000001,Djibouti,2015,BTSX,64.64
WHOSIS_000001,Vanuatu,2015,BTSX,64.64
WHOSIS_000001,Lao People's Democratic Republic,2015,MLE,64.7
WHOSIS_000001,Solomon Islands,2015,BTSX,64.74
WHOSIS_000001,Togo,2015,FMLE,64.83
WHOSIS_000001,Gabon,2015,BTSX,64.93
WHOSIS_000001,Ethiopia,2015,MLE,65.04
WHOSIS_000001,Comoros,2015,MLE,65.07
WHOSIS_000001,South Africa,2015,FMLE,65.34
WHOSIS_000001,Pakistan,2015,FMLE,65.36
WHOSIS_000001,United Republic of Tanzania,2015,BTSX,65.36
WHOSIS_000001,Yemen,2015,MLE,65.41
WHOSIS_000001,Eritrea,2015,FMLE,65.45
WHOSIS_000001,Senegal,2015,MLE,65.46
WHOSIS_000001,Rwanda,2015,MLE,65.47
WHOSIS_000001,Madagascar,2015,FMLE,65.5
WHOSIS_000001,Guyana,2015,BTSX,65.59
WHOSIS_000001,Micronesia (Federated States of),2015,FMLE,65.66
WHOSIS_000001,Turkmenistan,2015,MLE,65.66
WHOSIS_000001,Fiji,2015,MLE,65.77
WHOSIS_000001,Russian Federation,2015,MLE,65.85
WHOSIS_000001,Sudan,2015,MLE,66.19
WHOSIS_000001,Cambodia,2015,MLE,66.2
WHOSIS_000001,Namibia,2015,FMLE,66.22
WHOSIS_000001,Gambia,2015,FMLE,66.28
WHOSIS_000001,Comoros,2015,BTSX,66.45
WHOSIS_000001,Malawi,2015,FMLE,66.47
WHOSIS_000001,Papua New Guinea,2015,FMLE,66.54
WHOSIS_000001,Djibouti,2015,FMLE,66.62
WHOSIS_000001,Kenya,2015,FMLE,66.62
WHOSIS_000001,Tajikistan,2015,MLE,66.69
WHOSIS_000001,Ethiopia,2015,BTSX,66.82
WHOSIS_000001,Lao People's Democratic Republic,2015,BTSX,67.08
WHOSIS_000001,Philippines,2015,MLE,67.13
WHOSIS_000001,Mauritania,2015,MLE,67.19
WHOSIS_000001,Republic of Moldova,2015,MLE,67.19
WHOSIS_000001,Senegal,2015,BTSX,67.2
WHOSIS_000001,Ukraine,2015,MLE,67.21
WHOSIS_000001,United Republic of Tanzania,2015,FMLE,67.26
WHOSIS_000001,Timor-Leste,2015,MLE,67.31
WHOSIS_000001,Iraq,2015,MLE,67.32
WHOSIS_000001,Nepal,2015,MLE,67.32
WHOSIS_000001,Ghana,2015,FMLE,67.41
WHOSIS_000001,Mauritania,2015,BTSX,67.41
WHOSIS_000001,Solomon Islands,2015,FMLE,67.41
WHOSIS_000001,Kazakhstan,2015,MLE,67.43
WHOSIS_000001,Yemen,2015,BTSX,67.47
WHOSIS_000001,Honduras,2015,MLE,67.57
WHOSIS_000001,Myanmar,2015,BTSX,67.58
WHOSIS_000001,Mongolia,2015,BTSX,67.61
WHOSIS_000001,Vanuatu,2015,FMLE,67.68
WHOSIS_000001,Mauritania,2015,FMLE,67.69
WHOSIS_000001,Rwanda,2015,BTSX,67.69
WHOSIS_000001,Fiji,2015,BTSX,67.83
WHOSIS_000001,Comoros,2015,FMLE,67.84
WHOSIS_000001,Guatemala,2015,MLE,67.85
WHOSIS_000001,Kyrgyzstan,2015,MLE,67.92
WHOSIS_000001,Azerbaijan,2015,MLE,67.94
WHOSIS_000001,Sudan,2015,BTSX,67.94
WHOSIS_000001,Sao Tome and Principe,2015,MLE,68.05
WHOSIS_000001,Gabon,2015,FMLE,68.09
WHOSIS_000001,India,2015,MLE,68.11
WHOSIS_000001,El Salvador,2015,MLE,68.12
WHOSIS_000001,Uganda,2015,FMLE,68.13
WHOSIS_000001,Egypt,2015,MLE,68.22
WHOSIS_000001,Georgia,2015,MLE,68.24
WHOSIS_000001,Syrian Arab Republic,2015,FMLE,68.37
WHOSIS_000001,Democratic People's Republic of Korea,2015,MLE,68.42
WHOSIS_000001,Belarus,2015,MLE,68.56
WHOSIS_000001,Dominican Republic,2015,MLE,68.62
WHOSIS_000001,Ethiopia,2015,FMLE,68.64
WHOSIS_000001,Tajikistan,2015,BTSX,68.66
WHOSIS_000001,Samoa,2015,MLE,68.68
WHOSIS_000001,Indonesia,2015,MLE,68.77
WHOSIS_000001,Senegal,2015,FMLE,68.77
WHOSIS_000001,Timor-Leste,2015,BTSX,68.87
WHOSIS_000001,Viet Nam,2015,MLE,68.88
WHOSIS_000001,Uzbekistan,2015,MLE,68.98
WHOSIS_000001,Lithuania,2015,MLE,69.09
WHOSIS_000001,Turkmenistan,2015,BTSX,69.11
WHOSIS_000001,Cambodia,2015,BTSX,69.17
WHOSIS_000001,Guyana,2015,FMLE,69.22
WHOSIS_000001,India,2015,BTSX,69.31
WHOSIS_000001,Nepal,2015,BTSX,69.43
WHOSIS_000001,Tonga,2015,MLE,69.45
WHOSIS_000001,Suriname,2015,MLE,69.5
WHOSIS_000001,Lao People's Democratic Republic,2015,FMLE,69.56
WHOSIS_000001,Yemen,2015,FMLE,69.58
WHOSIS_000001,Sao Tome and Principe,2015,BTSX,69.6
WHOSIS_000001,Sudan,2015,FMLE,69.71
WHOSIS_000001,Bahamas,2015,MLE,69.73
WHOSIS_000001,Honduras,2015,BTSX,69.82
WHOSIS_000001,Rwanda,2015,FMLE,69.82
WHOSIS_000001,Latvia,2015,MLE,69.93
WHOSIS_000001,Seychelles,2015,MLE,69.95
WHOSIS_000001,Samoa,2015,BTSX,70.04
WHOSIS_000001,Fiji,2015,FMLE,70.08
WHOSIS_000001,Iraq,2015,BTSX,70.29
WHOSIS_000001,Philippines,2015,BTSX,70.3
WHOSIS_000001,Saint Vincent and the Grenadines,2015,MLE,70.3
WHOSIS_000001,Grenada,2015,MLE,70.44
WHOSIS_000001,Egypt,2015,BTSX,70.49
WHOSIS_000001,Timor-Leste,2015,FMLE,70.49
WHOSIS_000001,Bolivia (Plurinational State of),2015,MLE,70.59
WHOSIS_000001,Venezuela (Bolivarian Republic of),2015,MLE,70.59
WHOSIS_000001,Indonesia,2015,BTSX,70.61
WHOSIS_000001,India,2015,FMLE,70.62
WHOSIS_000001,Azerbaijan,2015,BTSX,70.67
WHOSIS_000001,Myanmar,2015,FMLE,70.7
WHOSIS_000001,Tajikistan,2015,FMLE,70.82
WHOSIS_000001,Armenia,2015,MLE,70.88
WHOSIS_000001,Guatemala,2015,BTSX,70.95
WHOSIS_000001,Mauritius,2015,MLE,70.96
WHOSIS_000001,Bhutan,2015,MLE,71.05
WHOSIS_000001,Trinidad and Tobago,2015,MLE,71.1
WHOSIS_000001,Sao Tome and Principe,2015,FMLE,71.12
WHOSIS_000001,Republic of Moldova,2015,BTSX,71.13
WHOSIS_000001,Belize,2015,MLE,71.14
WHOSIS_000001,Bulgaria,2015,MLE,71.17
WHOSIS_000001,Romania,2015,MLE,71.28
WHOSIS_000001,Russian Federation,2015,BTSX,71.3
WHOSIS_000001,Morocco,2015,MLE,71.37
WHOSIS_000001,Nepal,2015,FMLE,71.39
WHOSIS_000001,Oman,2015,MLE,71.4
WHOSIS_000001,Uzbekistan,2015,BTSX,71.45
WHOSIS_000001,Samoa,2015,FMLE,71.49
WHOSIS_000001,Bolivia (Plurinational State of),2015,BTSX,71.52
WHOSIS_000001,Kyrgyzstan,2015,BTSX,71.59
WHOSIS_000001,Brazil,2015,MLE,71.67
WHOSIS_000001,The former Yugoslav Republic of Macedonia,2015,MLE,71.67
WHOSIS_000001,Saudi Arabia,2015,MLE,71.73
WHOSIS_000001,Dominican Republic,2015,BTSX,71.75
WHOSIS_000001,Democratic People's Republic of Korea,2015,BTSX,71.76
WHOSIS_000001,Saint Lucia,2015,MLE,71.82
WHOSIS_000001,Nicaragua,2015,MLE,71.83
WHOSIS_000001,Cambodia,2015,FMLE,71.89
WHOSIS_000001,Kazakhstan,2015,BTSX,71.91
WHOSIS_000001,Honduras,2015,FMLE,72.13
WHOSIS_000001,Mongolia,2015,FMLE,72.13
WHOSIS_000001,Bhutan,2015,BTSX,72.15
WHOSIS_000001,Hungary,2015,MLE,72.16
WHOSIS_000001,Cabo Verde,2015,MLE,72.18
WHOSIS_000001,Ukraine,2015,BTSX,72.2
WHOSIS_000001,Tonga,2015,BTSX,72.33
WHOSIS_000001,Libya,2015,MLE,72.39
WHOSIS_000001,Bolivia (Plurinational State of),2015,FMLE,72.45
WHOSIS_000001,Morocco,2015,BTSX,72.46
WHOSIS_000001,Saint Vincent and the Grenadines,2015,BTSX,72.47
WHOSIS_000001,Bangladesh,2015,MLE,72.5
WHOSIS_000001,Indonesia,2015,FMLE,72.5
WHOSIS_000001,Oman,2015,BTSX,72.52
WHOSIS_000001,Turkmenistan,2015,FMLE,72.57
WHOSIS_000001,Georgia,2015,BTSX,72.58
WHOSIS_000001,Suriname,2015,BTSX,72.6
WHOSIS_000001,Serbia,2015,MLE,72.69
WHOSIS_000001,Grenada,2015,BTSX,72.7
WHOSIS_000001,Montenegro,2015,MLE,72.83
WHOSIS_000001,Paraguay,2015,MLE,72.83
WHOSIS_000001,Egypt,2015,FMLE,72.89
WHOSIS_000001,Argentina,2015,MLE,72.92
WHOSIS_000001,Bahamas,2015,BTSX,72.92
WHOSIS_000001,Malaysia,2015,MLE,73.01
WHOSIS_000001,Estonia,2015,MLE,73.03
WHOSIS_000001,Sri Lanka,2015,MLE,73.05
WHOSIS_000001,Mexico,2015,MLE,73.09
WHOSIS_000001,Saudi Arabia,2015,BTSX,73.15
WHOSIS_000001,Viet Nam,2015,BTSX,73.16
WHOSIS_000001,Seychelles,2015,BTSX,73.2
WHOSIS_000001,El Salvador,2015,BTSX,73.25
WHOSIS_000001,Uruguay,2015,MLE,73.31
WHOSIS_000001,Poland,2015,MLE,73.36
WHOSIS_000001,Brunei Darussalam,2015,MLE,73.38
WHOSIS_000001,Iraq,2015,FMLE,73.41
WHOSIS_000001,Azerbaijan,2015,FMLE,73.43
WHOSIS_000001,Bhutan,2015,FMLE,73.45
WHOSIS_000001,Lebanon,2015,MLE,73.47
WHOSIS_000001,Slovakia,2015,MLE,73.48
WHOSIS_000001,Morocco,2015,FMLE,73.55
WHOSIS_000001,Bangladesh,2015,BTSX,73.58
WHOSIS_000001,Philippines,2015,FMLE,73.66
WHOSIS_000001,The former Yugoslav Republic of Macedonia,2015,BTSX,73.73
WHOSIS_000001,Belarus,2015,BTSX,73.82
WHOSIS_000001,China,2015,MLE,73.85
WHOSIS_000001,Uzbekistan,2015,FMLE,73.92
WHOSIS_000001,Bosnia and Herzegovina,2015,MLE,73.94
WHOSIS_000001,Guatemala,2015,FMLE,74.01
WHOSIS_000001,Belize,2015,BTSX,74.05
WHOSIS_000001,Oman,2015,FMLE,74.09
WHOSIS_000001,Jamaica,2015,MLE,74.1
WHOSIS_000001,Thailand,2015,MLE,74.13
WHOSIS_000001,Mauritius,2015,BTSX,74.14
WHOSIS_000001,United Arab Emirates,2015,MLE,74.25
WHOSIS_000001,Croatia,2015,MLE,74.3
WHOSIS_000001,Lithuania,2015,BTSX,74.38
WHOSIS_000001,Brunei Darussalam,2015,BTSX,74.4
WHOSIS_000001,Antigua and Barbuda,2015,MLE,74.43
WHOSIS_000001,Armenia,2015,BTSX,74.51
WHOSIS_000001,Bulgaria,2015,BTSX,74.55
WHOSIS_000001,Tunisia,2015,MLE,74.58
WHOSIS_000001,Libya,2015,BTSX,74.6
WHOSIS_000001,Trinidad and Tobago,2015,BTSX,74.61
WHOSIS_000001,Nicaragua,2015,BTSX,74.62
WHOSIS_000001,Venezuela (Bolivarian Republic of),2015,BTSX,74.66
WHOSIS_000001,Democratic People's Republic of Korea,2015,FMLE,74.78
WHOSIS_000001,Bangladesh,2015,FMLE,74.79
WHOSIS_000001,Latvia,2015,BTSX,74.8
WHOSIS_000001,Romania,2015,BTSX,74.82
WHOSIS_000001,Cabo Verde,2015,BTSX,74.88
WHOSIS_000001,Saint Vincent and the Grenadines,2015,FMLE,74.91
WHOSIS_000001,Ecuador,2015,MLE,74.92
WHOSIS_000001,Malaysia,2015,BTSX,74.95
WHOSIS_000001,Iran (Islamic Republic of),2015,MLE,74.96
WHOSIS_000001,Barbados,2015,MLE,75.01
WHOSIS_000001,Saint Lucia,2015,BTSX,75.01
WHOSIS_000001,Republic of Moldova,2015,FMLE,75.05
WHOSIS_000001,Brazil,2015,BTSX,75.13
WHOSIS_000001,Grenada,2015,FMLE,75.15
WHOSIS_000001,Dominican Republic,2015,FMLE,75.2
WHOSIS_000001,Serbia,2015,BTSX,75.21
WHOSIS_000001,Saudi Arabia,2015,FMLE,75.25
WHOSIS_000001,Montenegro,2015,BTSX,75.27
WHOSIS_000001,Kyrgyzstan,2015,FMLE,75.28
WHOSIS_000001,United Arab Emirates,2015,BTSX,75.31
WHOSIS_000001,Turkey,2015,MLE,75.39
WHOSIS_000001,Brunei Darussalam,2015,FMLE,75.5
WHOSIS_000001,Tonga,2015,FMLE,75.54
WHOSIS_000001,Paraguay,2015,BTSX,75.56
WHOSIS_000001,Czechia,2015,MLE,75.57
WHOSIS_000001,Hungary,2015,BTSX,75.57
WHOSIS_000001,Colombia,2015,MLE,75.63
WHOSIS_000001,Algeria,2015,MLE,75.65
WHOSIS_000001,Cuba,2015,MLE,75.7
WHOSIS_000001,Jamaica,2015,BTSX,75.85
WHOSIS_000001,Suriname,2015,FMLE,75.85
WHOSIS_000001,Bahrain,2015,MLE,75.87
WHOSIS_000001,Mexico,2015,BTSX,75.87
WHOSIS_000001,The former Yugoslav Republic of Macedonia,2015,FMLE,75.87
WHOSIS_000001,Qatar,2015,FMLE,75.93
WHOSIS_000001,Lebanon,2015,BTSX,75.98
WHOSIS_000001,Bahamas,2015,FMLE,76.08
WHOSIS_000001,Albania,2015,MLE,76.1
WHOSIS_000001,Antigua and Barbuda,2015,BTSX,76.14
WHOSIS_000001,Argentina,2015,BTSX,76.17
WHOSIS_000001,Panama,2015,MLE,76.17
WHOSIS_000001,Barbados,2015,BTSX,76.22
WHOSIS_000001,Kazakhstan,2015,FMLE,76.22
WHOSIS_000001,Sri Lanka,2015,BTSX,76.27
WHOSIS_000001,United States of America,2015,MLE,76.31
WHOSIS_000001,Bosnia and Herzegovina,2015,BTSX,76.32
WHOSIS_000001,Qatar,2015,BTSX,76.41
WHOSIS_000001,Bahrain,2015,BTSX,76.46
WHOSIS_000001,Algeria,2015,BTSX,76.54
WHOSIS_000001,Russian Federation,2015,FMLE,76.6
WHOSIS_000001,China,2015,BTSX,76.64
WHOSIS_000001,Iran (Islamic Republic of),2015,BTSX,76.66
WHOSIS_000001,Tunisia,2015,BTSX,76.7
WHOSIS_000001,Seychelles,2015,FMLE,76.83
WHOSIS_000001,Libya,2015,FMLE,76.9
WHOSIS_000001,Georgia,2015,FMLE,76.93
WHOSIS_000001,Jordan,2015,MLE,76.95
WHOSIS_000001,Ukraine,2015,FMLE,76.96
WHOSIS_000001,Chile,2015,MLE,76.98
WHOSIS_000001,Slovakia,2015,BTSX,77.01
WHOSIS_000001,Uruguay,2015,BTSX,77.03
WHOSIS_000001,Malaysia,2015,FMLE,77.13
WHOSIS_000001,Qatar,2015,MLE,77.17
WHOSIS_000001,Ecuador,2015,BTSX,77.18
WHOSIS_000001,Bahrain,2015,FMLE,77.27
WHOSIS_000001,Belize,2015,FMLE,77.29
WHOSIS_000001,Poland,2015,BTSX,77.29
WHOSIS_000001,Nicaragua,2015,FMLE,77.32
WHOSIS_000001,Barbados,2015,FMLE,77.36
WHOSIS_000001,Thailand,2015,BTSX,77.41
WHOSIS_000001,Mauritius,2015,FMLE,77.43
WHOSIS_000001,Algeria,2015,FMLE,77.5
WHOSIS_000001,Peru,2015,MLE,77.55
WHOSIS_000001,Maldives,2015,MLE,77.56
WHOSIS_000001,Slovenia,2015,MLE,77.57
WHOSIS_000001,Croatia,2015,BTSX,77.58
WHOSIS_000001,Cabo Verde,2015,FMLE,77.59
WHOSIS_000001,Estonia,2015,BTSX,77.6
WHOSIS_000001,Viet Nam,2015,FMLE,77.61
WHOSIS_000001,Jamaica,2015,FMLE,77.71
WHOSIS_000001,Montenegro,2015,FMLE,77.73
WHOSIS_000001,Antigua and Barbuda,2015,FMLE,77.76
WHOSIS_000001,Serbia,2015,FMLE,77.76
WHOSIS_000001,Turkey,2015,BTSX,77.79
WHOSIS_000001,Jordan,2015,BTSX,77.82
WHOSIS_000001,Armenia,2015,FMLE,77.83
WHOSIS_000001,Albania,2015,BTSX,77.84
WHOSIS_000001,United Arab Emirates,2015,FMLE,77.84
WHOSIS_000001,Greece,2015,MLE,77.85
WHOSIS_000001,Cuba,2015,BTSX,77.91
WHOSIS_000001,Portugal,2015,MLE,77.92
WHOSIS_000001,El Salvador,2015,FMLE,78.02
WHOSIS_000001,Bulgaria,2015,FMLE,78.04
WHOSIS_000001,Germany,2015,MLE,78.12
WHOSIS_000001,Costa Rica,2015,MLE,78.16
WHOSIS_000001,Trinidad and Tobago,2015,FMLE,78.33
WHOSIS_000001,Colombia,2015,BTSX,78.35
WHOSIS_000001,Maldives,2015,BTSX,78.41
WHOSIS_000001,Romania,2015,FMLE,78.42
WHOSIS_000001,Czechia,2015,BTSX,78.46
WHOSIS_000001,Belgium,2015,MLE,78.48
WHOSIS_000001,Iran (Islamic Republic of),2015,FMLE,78.52
WHOSIS_000001,Saint Lucia,2015,FMLE,78.52
WHOSIS_000001,Finland,2015,MLE,78.53
WHOSIS_000001,United States of America,2015,BTSX,78.56
WHOSIS_000001,Austria,2015,MLE,78.6
WHOSIS_000001,Paraguay,2015,FMLE,78.6
WHOSIS_000001,Mexico,2015,FMLE,78.61
WHOSIS_000001,Brazil,2015,FMLE,78.64
WHOSIS_000001,Bosnia and Herzegovina,2015,FMLE,78.65
WHOSIS_000001,Panama,2015,BTSX,78.72
WHOSIS_000001,Hungary,2015,FMLE,78.73
WHOSIS_000001,Jordan,2015,FMLE,78.77
WHOSIS_000001,Belarus,2015,FMLE,78.79
WHOSIS_000001,Denmark,2015,MLE,78.8
WHOSIS_000001,Lebanon,2015,FMLE,78.82
WHOSIS_000001,Tunisia,2015,FMLE,78.83
WHOSIS_000001,United Kingdom of Great Britain and Northern Ireland,2015,MLE,78.93
WHOSIS_000001,Venezuela (Bolivarian Republic of),2015,FMLE,78.97
WHOSIS_000001,France,2015,MLE,78.99
WHOSIS_000001,Republic of Korea,2015,MLE,79.03
WHOSIS_000001,Peru,2015,BTSX,79.08
WHOSIS_000001,Latvia,2015,FMLE,79.29
WHOSIS_000001,Argentina,2015,FMLE,79.3
WHOSIS_000001,Ireland,2015,MLE,79.33
WHOSIS_000001,Sri Lanka,2015,FMLE,79.41
WHOSIS_000001,Kuwait,2015,MLE,79.46
WHOSIS_000001,Lithuania,2015,FMLE,79.47
WHOSIS_000001,Maldives,2015,FMLE,79.47
WHOSIS_000001,Ecuador,2015,FMLE,79.5
WHOSIS_000001,Malta,2015,MLE,79.63
WHOSIS_000001,Spain,2015,MLE,79.66
WHOSIS_000001,Netherlands,2015,MLE,79.67
WHOSIS_000001,Albania,2015,FMLE,79.69
WHOSIS_000001,New Zealand,2015,MLE,79.73
WHOSIS_000001,Chile,2015,BTSX,79.82
WHOSIS_000001,China,2015,FMLE,79.87
WHOSIS_000001,Canada,2015,MLE,79.88
WHOSIS_000001,Cyprus,2015,MLE,79.89
WHOSIS_000001,Israel,2015,MLE,79.96
WHOSIS_000001,Sweden,2015,MLE,79.97
WHOSIS_000001,Italy,2015,MLE,80
WHOSIS_000001,Turkey,2015,FMLE,80.06
WHOSIS_000001,Cuba,2015,FMLE,80.19
WHOSIS_000001,Luxembourg,2015,MLE,80.26
WHOSIS_000001,Norway,2015,MLE,80.26
WHOSIS_000001,Slovakia,2015,FMLE,80.37
WHOSIS_000001,Greece,2015,BTSX,80.38
WHOSIS_000001,Australia,2015,MLE,80.41
WHOSIS_000001,Germany,2015,BTSX,80.42
WHOSIS_000001,Slovenia,2015,BTSX,80.47
WHOSIS_000001,Peru,2015,FMLE,80.56
WHOSIS_000001,Uruguay,2015,FMLE,80.56
WHOSIS_000001,Denmark,2015,BTSX,80.59
WHOSIS_000001,Switzerland,2015,MLE,80.64
WHOSIS_000001,United Kingdom of Great Britain and Northern Ireland,2015,BTSX,80.65
WHOSIS_000001,Iceland,2015,MLE,80.69
WHOSIS_000001,Japan,2015,MLE,80.7
WHOSIS_000001,Thailand,2015,FMLE,80.7
WHOSIS_000001,Belgium,2015,BTSX,80.71
WHOSIS_000001,Singapore,2015,MLE,80.72
WHOSIS_000001,Croatia,2015,FMLE,80.73
WHOSIS_000001,Costa Rica,2015,BTSX,80.78
WHOSIS_000001,United States of America,2015,FMLE,80.8
WHOSIS_000001,Portugal,2015,BTSX,80.89
WHOSIS_000001,Austria,2015,BTSX,80.98
WHOSIS_000001,Colombia,2015,FMLE,81.01
WHOSIS_000001,Kuwait,2015,BTSX,81.13
WHOSIS_000001,Ireland,2015,BTSX,81.14
WHOSIS_000001,Poland,2015,FMLE,81.15
WHOSIS_000001,Finland,2015,BTSX,81.21
WHOSIS_000001,Netherlands,2015,BTSX,81.28
WHOSIS_000001,Czechia,2015,FMLE,81.3
WHOSIS_000001,New Zealand,2015,BTSX,81.31
WHOSIS_000001,Panama,2015,FMLE,81.38
WHOSIS_000001,Malta,2015,BTSX,81.65
WHOSIS_000001,Estonia,2015,FMLE,81.71
WHOSIS_000001,Sweden,2015,BTSX,81.75
WHOSIS_000001,Canada,2015,BTSX,81.76
WHOSIS_000001,France,2015,BTSX,81.91
WHOSIS_000001,Israel,2015,BTSX,81.93
WHOSIS_000001,Cyprus,2015,BTSX,82.01
WHOSIS_000001,Norway,2015,BTSX,82.01
WHOSIS_000001,Iceland,2015,BTSX,82.14
WHOSIS_000001,Republic of Korea,2015,BTSX,82.2
WHOSIS_000001,Italy,2015,BTSX,82.21
WHOSIS_000001,Australia,2015,BTSX,82.28
WHOSIS_000001,Luxembourg,2015,BTSX,82.31
WHOSIS_000001,Spain,2015,BTSX,82.33
WHOSIS_000001,United Kingdom of Great Britain and Northern Ireland,2015,FMLE,82.34
WHOSIS_000001,Denmark,2015,FMLE,82.35
WHOSIS_000001,Chile,2015,FMLE,82.51
WHOSIS_000001,Switzerland,2015,BTSX,82.61
WHOSIS_000001,Germany,2015,FMLE,82.71
WHOSIS_000001,Singapore,2015,BTSX,82.81
WHOSIS_000001,Netherlands,2015,FMLE,82.82
WHOSIS_000001,New Zealand,2015,FMLE,82.85
WHOSIS_000001,Belgium,2015,FMLE,82.86
WHOSIS_000001,Ireland,2015,FMLE,82.93
WHOSIS_000001,Greece,2015,FMLE,82.94
WHOSIS_000001,Austria,2015,FMLE,83.29
WHOSIS_000001,Slovenia,2015,FMLE,83.32
WHOSIS_000001,Costa Rica,2015,FMLE,83.47
WHOSIS_000001,Sweden,2015,FMLE,83.5
WHOSIS_000001,Iceland,2015,FMLE,83.56
WHOSIS_000001,Canada,2015,FMLE,83.58
WHOSIS_000001,Malta,2015,FMLE,83.58
WHOSIS_000001,Japan,2015,BTSX,83.62
WHOSIS_000001,Portugal,2015,FMLE,83.67
WHOSIS_000001,Norway,2015,FMLE,83.71
WHOSIS_000001,Israel,2015,FMLE,83.79
WHOSIS_000001,Kuwait,2015,FMLE,83.84
WHOSIS_000001,Finland,2015,FMLE,83.85
WHOSIS_000001,Cyprus,2015,FMLE,84.12
WHOSIS_000001,Australia,2015,FMLE,84.17
WHOSIS_000001,Italy,2015,FMLE,84.26
WHOSIS_000001,Luxembourg,2015,FMLE,84.29
WHOSIS_000001,Switzerland,2015,FMLE,84.5
WHOSIS_000001,France,2015,FMLE,84.72
WHOSIS_000001,Singapore,2015,FMLE,84.89
WHOSIS_000001,Spain,2015,FMLE,84.94
WHOSIS_000001,Republic of Korea,2015,FMLE,85.12
WHOSIS_000001,Japan,2015,FMLE,86.41
